"","rmd_SNPnames","row","col","rmd_traitnames"
"1","6:26200677:A:G","17","16","20015_irnt.gwas.imputed_v3.both_sexes.tsv"
"2","20:34159129:A:AG","45","16","20015_irnt.gwas.imputed_v3.both_sexes.tsv"
"3","20:34159237:T:C","46","16","20015_irnt.gwas.imputed_v3.both_sexes.tsv"
"4","19:45411941:T:C","44","37","20107_10.gwas.imputed_v3.both_sexes.tsv"
"5","19:45411941:T:C","44","48","20110_100.gwas.imputed_v3.both_sexes.tsv"
"6","19:45411941:T:C","44","51","20110_10.gwas.imputed_v3.both_sexes.tsv"
"7","6:26200677:A:G","17","96","20153_irnt.gwas.imputed_v3.both_sexes.tsv"
"8","18:57854694:C:T","42","96","20153_irnt.gwas.imputed_v3.both_sexes.tsv"
"9","20:34159129:A:AG","45","96","20153_irnt.gwas.imputed_v3.both_sexes.tsv"
"10","20:34159237:T:C","46","96","20153_irnt.gwas.imputed_v3.both_sexes.tsv"
"11","2:633063:G:A","4","195","21001_irnt.gwas.imputed_v3.both_sexes.tsv"
"12","16:53800954:T:C","38","195","21001_irnt.gwas.imputed_v3.both_sexes.tsv"
"13","18:57854694:C:T","42","195","21001_irnt.gwas.imputed_v3.both_sexes.tsv"
"14","18:57855319:G:GA","43","195","21001_irnt.gwas.imputed_v3.both_sexes.tsv"
"15","2:633063:G:A","4","197","21002_irnt.gwas.imputed_v3.both_sexes.tsv"
"16","6:26200677:A:G","17","197","21002_irnt.gwas.imputed_v3.both_sexes.tsv"
"17","16:53800954:T:C","38","197","21002_irnt.gwas.imputed_v3.both_sexes.tsv"
"18","18:57854694:C:T","42","197","21002_irnt.gwas.imputed_v3.both_sexes.tsv"
"19","18:57855319:G:GA","43","197","21002_irnt.gwas.imputed_v3.both_sexes.tsv"
"20","2:633063:G:A","4","289","1687.gwas.imputed_v3.both_sexes.tsv"
"21","16:53800954:T:C","38","289","1687.gwas.imputed_v3.both_sexes.tsv"
"22","18:57854694:C:T","42","289","1687.gwas.imputed_v3.both_sexes.tsv"
"23","18:57855319:G:GA","43","289","1687.gwas.imputed_v3.both_sexes.tsv"
"24","2:633063:G:A","4","290","1697.gwas.imputed_v3.both_sexes.tsv"
"25","6:26200677:A:G","17","290","1697.gwas.imputed_v3.both_sexes.tsv"
"26","2:633063:G:A","4","307","23098_irnt.gwas.imputed_v3.both_sexes.tsv"
"27","6:26200677:A:G","17","307","23098_irnt.gwas.imputed_v3.both_sexes.tsv"
"28","16:53800954:T:C","38","307","23098_irnt.gwas.imputed_v3.both_sexes.tsv"
"29","18:57854694:C:T","42","307","23098_irnt.gwas.imputed_v3.both_sexes.tsv"
"30","18:57855319:G:GA","43","307","23098_irnt.gwas.imputed_v3.both_sexes.tsv"
"31","2:633063:G:A","4","309","23099_irnt.gwas.imputed_v3.both_sexes.tsv"
"32","6:26200677:A:G","17","309","23099_irnt.gwas.imputed_v3.both_sexes.tsv"
"33","16:53800954:T:C","38","309","23099_irnt.gwas.imputed_v3.both_sexes.tsv"
"34","18:57854694:C:T","42","309","23099_irnt.gwas.imputed_v3.both_sexes.tsv"
"35","18:57855319:G:GA","43","309","23099_irnt.gwas.imputed_v3.both_sexes.tsv"
"36","2:633063:G:A","4","310","23100_irnt.gwas.imputed_v3.both_sexes.tsv"
"37","6:26200677:A:G","17","310","23100_irnt.gwas.imputed_v3.both_sexes.tsv"
"38","16:53800954:T:C","38","310","23100_irnt.gwas.imputed_v3.both_sexes.tsv"
"39","18:57854694:C:T","42","310","23100_irnt.gwas.imputed_v3.both_sexes.tsv"
"40","18:57855319:G:GA","43","310","23100_irnt.gwas.imputed_v3.both_sexes.tsv"
"41","2:633063:G:A","4","311","23101_irnt.gwas.imputed_v3.both_sexes.tsv"
"42","6:26200677:A:G","17","311","23101_irnt.gwas.imputed_v3.both_sexes.tsv"
"43","16:53800954:T:C","38","311","23101_irnt.gwas.imputed_v3.both_sexes.tsv"
"44","18:57854694:C:T","42","311","23101_irnt.gwas.imputed_v3.both_sexes.tsv"
"45","18:57855319:G:GA","43","311","23101_irnt.gwas.imputed_v3.both_sexes.tsv"
"46","2:633063:G:A","4","312","23102_irnt.gwas.imputed_v3.both_sexes.tsv"
"47","6:26200677:A:G","17","312","23102_irnt.gwas.imputed_v3.both_sexes.tsv"
"48","16:53800954:T:C","38","312","23102_irnt.gwas.imputed_v3.both_sexes.tsv"
"49","18:57854694:C:T","42","312","23102_irnt.gwas.imputed_v3.both_sexes.tsv"
"50","18:57855319:G:GA","43","312","23102_irnt.gwas.imputed_v3.both_sexes.tsv"
"51","2:633063:G:A","4","313","23104_irnt.gwas.imputed_v3.both_sexes.tsv"
"52","16:53800954:T:C","38","313","23104_irnt.gwas.imputed_v3.both_sexes.tsv"
"53","18:57854694:C:T","42","313","23104_irnt.gwas.imputed_v3.both_sexes.tsv"
"54","18:57855319:G:GA","43","313","23104_irnt.gwas.imputed_v3.both_sexes.tsv"
"55","2:633063:G:A","4","316","23105_irnt.gwas.imputed_v3.both_sexes.tsv"
"56","6:26200677:A:G","17","316","23105_irnt.gwas.imputed_v3.both_sexes.tsv"
"57","16:53800954:T:C","38","316","23105_irnt.gwas.imputed_v3.both_sexes.tsv"
"58","18:57854694:C:T","42","316","23105_irnt.gwas.imputed_v3.both_sexes.tsv"
"59","18:57855319:G:GA","43","316","23105_irnt.gwas.imputed_v3.both_sexes.tsv"
"60","2:633063:G:A","4","317","23106_irnt.gwas.imputed_v3.both_sexes.tsv"
"61","16:53800954:T:C","38","317","23106_irnt.gwas.imputed_v3.both_sexes.tsv"
"62","18:57854694:C:T","42","317","23106_irnt.gwas.imputed_v3.both_sexes.tsv"
"63","18:57855319:G:GA","43","317","23106_irnt.gwas.imputed_v3.both_sexes.tsv"
"64","2:633063:G:A","4","318","23107_irnt.gwas.imputed_v3.both_sexes.tsv"
"65","16:53800954:T:C","38","318","23107_irnt.gwas.imputed_v3.both_sexes.tsv"
"66","18:57854694:C:T","42","318","23107_irnt.gwas.imputed_v3.both_sexes.tsv"
"67","18:57855319:G:GA","43","318","23107_irnt.gwas.imputed_v3.both_sexes.tsv"
"68","2:633063:G:A","4","319","23108_irnt.gwas.imputed_v3.both_sexes.tsv"
"69","16:53800954:T:C","38","319","23108_irnt.gwas.imputed_v3.both_sexes.tsv"
"70","18:57854694:C:T","42","319","23108_irnt.gwas.imputed_v3.both_sexes.tsv"
"71","18:57855319:G:GA","43","319","23108_irnt.gwas.imputed_v3.both_sexes.tsv"
"72","2:633063:G:A","4","320","23109_irnt.gwas.imputed_v3.both_sexes.tsv"
"73","16:53800954:T:C","38","320","23109_irnt.gwas.imputed_v3.both_sexes.tsv"
"74","18:57854694:C:T","42","320","23109_irnt.gwas.imputed_v3.both_sexes.tsv"
"75","18:57855319:G:GA","43","320","23109_irnt.gwas.imputed_v3.both_sexes.tsv"
"76","2:633063:G:A","4","322","23110_irnt.gwas.imputed_v3.both_sexes.tsv"
"77","16:53800954:T:C","38","322","23110_irnt.gwas.imputed_v3.both_sexes.tsv"
"78","18:57854694:C:T","42","322","23110_irnt.gwas.imputed_v3.both_sexes.tsv"
"79","18:57855319:G:GA","43","322","23110_irnt.gwas.imputed_v3.both_sexes.tsv"
"80","2:633063:G:A","4","323","23111_irnt.gwas.imputed_v3.both_sexes.tsv"
"81","16:53800954:T:C","38","323","23111_irnt.gwas.imputed_v3.both_sexes.tsv"
"82","18:57854694:C:T","42","323","23111_irnt.gwas.imputed_v3.both_sexes.tsv"
"83","18:57855319:G:GA","43","323","23111_irnt.gwas.imputed_v3.both_sexes.tsv"
"84","2:633063:G:A","4","324","23112_irnt.gwas.imputed_v3.both_sexes.tsv"
"85","6:26200677:A:G","17","324","23112_irnt.gwas.imputed_v3.both_sexes.tsv"
"86","16:53800954:T:C","38","324","23112_irnt.gwas.imputed_v3.both_sexes.tsv"
"87","18:57854694:C:T","42","324","23112_irnt.gwas.imputed_v3.both_sexes.tsv"
"88","18:57855319:G:GA","43","324","23112_irnt.gwas.imputed_v3.both_sexes.tsv"
"89","2:633063:G:A","4","325","23113_irnt.gwas.imputed_v3.both_sexes.tsv"
"90","6:26200677:A:G","17","325","23113_irnt.gwas.imputed_v3.both_sexes.tsv"
"91","16:53800954:T:C","38","325","23113_irnt.gwas.imputed_v3.both_sexes.tsv"
"92","18:57854694:C:T","42","325","23113_irnt.gwas.imputed_v3.both_sexes.tsv"
"93","18:57855319:G:GA","43","325","23113_irnt.gwas.imputed_v3.both_sexes.tsv"
"94","2:633063:G:A","4","326","23114_irnt.gwas.imputed_v3.both_sexes.tsv"
"95","6:26200677:A:G","17","326","23114_irnt.gwas.imputed_v3.both_sexes.tsv"
"96","16:53800954:T:C","38","326","23114_irnt.gwas.imputed_v3.both_sexes.tsv"
"97","18:57854694:C:T","42","326","23114_irnt.gwas.imputed_v3.both_sexes.tsv"
"98","18:57855319:G:GA","43","326","23114_irnt.gwas.imputed_v3.both_sexes.tsv"
"99","2:633063:G:A","4","327","23115_irnt.gwas.imputed_v3.both_sexes.tsv"
"100","16:53800954:T:C","38","327","23115_irnt.gwas.imputed_v3.both_sexes.tsv"
"101","18:57854694:C:T","42","327","23115_irnt.gwas.imputed_v3.both_sexes.tsv"
"102","18:57855319:G:GA","43","327","23115_irnt.gwas.imputed_v3.both_sexes.tsv"
"103","2:633063:G:A","4","328","23116_irnt.gwas.imputed_v3.both_sexes.tsv"
"104","6:26200677:A:G","17","328","23116_irnt.gwas.imputed_v3.both_sexes.tsv"
"105","16:53800954:T:C","38","328","23116_irnt.gwas.imputed_v3.both_sexes.tsv"
"106","18:57854694:C:T","42","328","23116_irnt.gwas.imputed_v3.both_sexes.tsv"
"107","18:57855319:G:GA","43","328","23116_irnt.gwas.imputed_v3.both_sexes.tsv"
"108","2:633063:G:A","4","329","23117_irnt.gwas.imputed_v3.both_sexes.tsv"
"109","6:26200677:A:G","17","329","23117_irnt.gwas.imputed_v3.both_sexes.tsv"
"110","16:53800954:T:C","38","329","23117_irnt.gwas.imputed_v3.both_sexes.tsv"
"111","18:57854694:C:T","42","329","23117_irnt.gwas.imputed_v3.both_sexes.tsv"
"112","18:57855319:G:GA","43","329","23117_irnt.gwas.imputed_v3.both_sexes.tsv"
"113","2:633063:G:A","4","330","23118_irnt.gwas.imputed_v3.both_sexes.tsv"
"114","6:26200677:A:G","17","330","23118_irnt.gwas.imputed_v3.both_sexes.tsv"
"115","16:53800954:T:C","38","330","23118_irnt.gwas.imputed_v3.both_sexes.tsv"
"116","18:57854694:C:T","42","330","23118_irnt.gwas.imputed_v3.both_sexes.tsv"
"117","18:57855319:G:GA","43","330","23118_irnt.gwas.imputed_v3.both_sexes.tsv"
"118","2:633063:G:A","4","331","23119_irnt.gwas.imputed_v3.both_sexes.tsv"
"119","16:53800954:T:C","38","331","23119_irnt.gwas.imputed_v3.both_sexes.tsv"
"120","18:57854694:C:T","42","331","23119_irnt.gwas.imputed_v3.both_sexes.tsv"
"121","18:57855319:G:GA","43","331","23119_irnt.gwas.imputed_v3.both_sexes.tsv"
"122","2:633063:G:A","4","333","23120_irnt.gwas.imputed_v3.both_sexes.tsv"
"123","16:53800954:T:C","38","333","23120_irnt.gwas.imputed_v3.both_sexes.tsv"
"124","18:57854694:C:T","42","333","23120_irnt.gwas.imputed_v3.both_sexes.tsv"
"125","18:57855319:G:GA","43","333","23120_irnt.gwas.imputed_v3.both_sexes.tsv"
"126","2:633063:G:A","4","334","23121_irnt.gwas.imputed_v3.both_sexes.tsv"
"127","6:26200677:A:G","17","334","23121_irnt.gwas.imputed_v3.both_sexes.tsv"
"128","16:53800954:T:C","38","334","23121_irnt.gwas.imputed_v3.both_sexes.tsv"
"129","18:57854694:C:T","42","334","23121_irnt.gwas.imputed_v3.both_sexes.tsv"
"130","18:57855319:G:GA","43","334","23121_irnt.gwas.imputed_v3.both_sexes.tsv"
"131","2:633063:G:A","4","335","23122_irnt.gwas.imputed_v3.both_sexes.tsv"
"132","6:26200677:A:G","17","335","23122_irnt.gwas.imputed_v3.both_sexes.tsv"
"133","16:53800954:T:C","38","335","23122_irnt.gwas.imputed_v3.both_sexes.tsv"
"134","18:57854694:C:T","42","335","23122_irnt.gwas.imputed_v3.both_sexes.tsv"
"135","18:57855319:G:GA","43","335","23122_irnt.gwas.imputed_v3.both_sexes.tsv"
"136","2:633063:G:A","4","336","23123_irnt.gwas.imputed_v3.both_sexes.tsv"
"137","16:53800954:T:C","38","336","23123_irnt.gwas.imputed_v3.both_sexes.tsv"
"138","18:57854694:C:T","42","336","23123_irnt.gwas.imputed_v3.both_sexes.tsv"
"139","18:57855319:G:GA","43","336","23123_irnt.gwas.imputed_v3.both_sexes.tsv"
"140","2:633063:G:A","4","337","23124_irnt.gwas.imputed_v3.both_sexes.tsv"
"141","16:53800954:T:C","38","337","23124_irnt.gwas.imputed_v3.both_sexes.tsv"
"142","18:57854694:C:T","42","337","23124_irnt.gwas.imputed_v3.both_sexes.tsv"
"143","18:57855319:G:GA","43","337","23124_irnt.gwas.imputed_v3.both_sexes.tsv"
"144","2:633063:G:A","4","338","23125_irnt.gwas.imputed_v3.both_sexes.tsv"
"145","6:26200677:A:G","17","338","23125_irnt.gwas.imputed_v3.both_sexes.tsv"
"146","16:53800954:T:C","38","338","23125_irnt.gwas.imputed_v3.both_sexes.tsv"
"147","18:57854694:C:T","42","338","23125_irnt.gwas.imputed_v3.both_sexes.tsv"
"148","18:57855319:G:GA","43","338","23125_irnt.gwas.imputed_v3.both_sexes.tsv"
"149","2:633063:G:A","4","339","23126_irnt.gwas.imputed_v3.both_sexes.tsv"
"150","6:26200677:A:G","17","339","23126_irnt.gwas.imputed_v3.both_sexes.tsv"
"151","16:53800954:T:C","38","339","23126_irnt.gwas.imputed_v3.both_sexes.tsv"
"152","18:57854694:C:T","42","339","23126_irnt.gwas.imputed_v3.both_sexes.tsv"
"153","18:57855319:G:GA","43","339","23126_irnt.gwas.imputed_v3.both_sexes.tsv"
"154","2:633063:G:A","4","340","23127_irnt.gwas.imputed_v3.both_sexes.tsv"
"155","6:26200677:A:G","17","340","23127_irnt.gwas.imputed_v3.both_sexes.tsv"
"156","16:53800954:T:C","38","340","23127_irnt.gwas.imputed_v3.both_sexes.tsv"
"157","18:57854694:C:T","42","340","23127_irnt.gwas.imputed_v3.both_sexes.tsv"
"158","2:633063:G:A","4","341","23128_irnt.gwas.imputed_v3.both_sexes.tsv"
"159","6:26200677:A:G","17","341","23128_irnt.gwas.imputed_v3.both_sexes.tsv"
"160","16:53800954:T:C","38","341","23128_irnt.gwas.imputed_v3.both_sexes.tsv"
"161","18:57854694:C:T","42","341","23128_irnt.gwas.imputed_v3.both_sexes.tsv"
"162","18:57855319:G:GA","43","341","23128_irnt.gwas.imputed_v3.both_sexes.tsv"
"163","2:633063:G:A","4","342","23129_irnt.gwas.imputed_v3.both_sexes.tsv"
"164","6:26200677:A:G","17","342","23129_irnt.gwas.imputed_v3.both_sexes.tsv"
"165","16:53800954:T:C","38","342","23129_irnt.gwas.imputed_v3.both_sexes.tsv"
"166","18:57854694:C:T","42","342","23129_irnt.gwas.imputed_v3.both_sexes.tsv"
"167","18:57855319:G:GA","43","342","23129_irnt.gwas.imputed_v3.both_sexes.tsv"
"168","20:34159129:A:AG","45","342","23129_irnt.gwas.imputed_v3.both_sexes.tsv"
"169","2:633063:G:A","4","343","23130_irnt.gwas.imputed_v3.both_sexes.tsv"
"170","6:26200677:A:G","17","343","23130_irnt.gwas.imputed_v3.both_sexes.tsv"
"171","16:53800954:T:C","38","343","23130_irnt.gwas.imputed_v3.both_sexes.tsv"
"172","18:57854694:C:T","42","343","23130_irnt.gwas.imputed_v3.both_sexes.tsv"
"173","18:57855319:G:GA","43","343","23130_irnt.gwas.imputed_v3.both_sexes.tsv"
"174","20:34159129:A:AG","45","343","23130_irnt.gwas.imputed_v3.both_sexes.tsv"
"175","19:45411941:T:C","44","379","1835.gwas.imputed_v3.both_sexes.tsv"
"176","19:45411941:T:C","44","392","2654_2.gwas.imputed_v3.both_sexes.tsv"
"177","2:633063:G:A","4","402","2714.gwas.imputed_v3.both_sexes.tsv"
"178","16:53800954:T:C","38","402","2714.gwas.imputed_v3.both_sexes.tsv"
"179","6:26200677:A:G","17","424","30040_irnt.gwas.imputed_v3.both_sexes.tsv"
"180","6:26200677:A:G","17","425","30050_irnt.gwas.imputed_v3.both_sexes.tsv"
"181","19:45411941:T:C","44","427","30070_irnt.gwas.imputed_v3.both_sexes.tsv"
"182","19:45411941:T:C","44","430","30090_irnt.gwas.imputed_v3.both_sexes.tsv"
"183","13:28618941:A:G","30","435","30130_irnt.gwas.imputed_v3.both_sexes.tsv"
"184","13:28618941:A:G","30","442","30190_irnt.gwas.imputed_v3.both_sexes.tsv"
"185","19:45411941:T:C","44","452","30270_irnt.gwas.imputed_v3.both_sexes.tsv"
"186","2:633063:G:A","4","465","3143_irnt.gwas.imputed_v3.both_sexes.tsv"
"187","6:26200677:A:G","17","465","3143_irnt.gwas.imputed_v3.both_sexes.tsv"
"188","16:53800954:T:C","38","465","3143_irnt.gwas.imputed_v3.both_sexes.tsv"
"189","18:57854694:C:T","42","465","3143_irnt.gwas.imputed_v3.both_sexes.tsv"
"190","18:57855319:G:GA","43","465","3143_irnt.gwas.imputed_v3.both_sexes.tsv"
"191","16:53800954:T:C","38","492","4100_irnt.gwas.imputed_v3.both_sexes.tsv"
"192","18:57854694:C:T","42","492","4100_irnt.gwas.imputed_v3.both_sexes.tsv"
"193","18:57855319:G:GA","43","492","4100_irnt.gwas.imputed_v3.both_sexes.tsv"
"194","16:53800954:T:C","38","497","4119_irnt.gwas.imputed_v3.both_sexes.tsv"
"195","18:57854694:C:T","42","497","4119_irnt.gwas.imputed_v3.both_sexes.tsv"
"196","18:57855319:G:GA","43","497","4119_irnt.gwas.imputed_v3.both_sexes.tsv"
"197","2:633063:G:A","4","539","48_irnt.gwas.imputed_v3.both_sexes.tsv"
"198","16:53800954:T:C","38","539","48_irnt.gwas.imputed_v3.both_sexes.tsv"
"199","18:57854694:C:T","42","539","48_irnt.gwas.imputed_v3.both_sexes.tsv"
"200","18:57855319:G:GA","43","539","48_irnt.gwas.imputed_v3.both_sexes.tsv"
"201","2:633063:G:A","4","544","49_irnt.gwas.imputed_v3.both_sexes.tsv"
"202","6:26200677:A:G","17","544","49_irnt.gwas.imputed_v3.both_sexes.tsv"
"203","16:53800954:T:C","38","544","49_irnt.gwas.imputed_v3.both_sexes.tsv"
"204","18:57854694:C:T","42","544","49_irnt.gwas.imputed_v3.both_sexes.tsv"
"205","18:57855319:G:GA","43","544","49_irnt.gwas.imputed_v3.both_sexes.tsv"
"206","6:26200677:A:G","17","557","50_irnt.gwas.imputed_v3.both_sexes.tsv"
"207","7:8110475:G:A","19","557","50_irnt.gwas.imputed_v3.both_sexes.tsv"
"208","18:57854694:C:T","42","557","50_irnt.gwas.imputed_v3.both_sexes.tsv"
"209","18:57855319:G:GA","43","557","50_irnt.gwas.imputed_v3.both_sexes.tsv"
"210","20:34159129:A:AG","45","557","50_irnt.gwas.imputed_v3.both_sexes.tsv"
"211","20:34159237:T:C","46","557","50_irnt.gwas.imputed_v3.both_sexes.tsv"
"212","19:45411941:T:C","44","661","6153_100.gwas.imputed_v3.both_sexes.tsv"
"213","19:45411941:T:C","44","662","6153_1.gwas.imputed_v3.both_sexes.tsv"
"214","19:45411941:T:C","44","701","6177_100.gwas.imputed_v3.both_sexes.tsv"
"215","19:45411941:T:C","44","702","6177_1.gwas.imputed_v3.both_sexes.tsv"
"216","19:45411941:T:C","44","788","20002_1473.gwas.imputed_v3.both_sexes.tsv"
"217","19:45411941:T:C","44","800","20003_1140861958.gwas.imputed_v3.both_sexes.tsv"
